"Algorithm","Hash","Path"
"SHA256","B36B537B2E81FE3BF416C31974084339BBF732A96D12A75EFF74119ECBB91E63","E:\WBF\WBF-Software-Testing-main\ensemble_boxes\ensemble_boxes_nms.py"
"SHA256","D52CAA3B8EECAB9B2723FBACD59CCEE48F97CBF75BFE1AB7A70EDE65B55E813D","E:\WBF\WBF-Software-Testing-main\ensemble_boxes\ensemble_boxes_nmw.py"
"SHA256","A9663B421BC3ADF4C42D74CCB572D1E2E149EE2A1C5AAB2A6E88EEC46C6B13B9","E:\WBF\WBF-Software-Testing-main\ensemble_boxes\ensemble_boxes_wbf.py"
"SHA256","89365F01E92EBC5B209D556286F96D36B018DBB6EA2E464B48E515C57EF01D21","E:\WBF\WBF-Software-Testing-main\ensemble_boxes\ensemble_boxes_wbf_1d.py"
"SHA256","AFB750D36CF86E00CE6425E2567865FF4EA500A1AB14CADE82E26E417C845D5A","E:\WBF\WBF-Software-Testing-main\ensemble_boxes\ensemble_boxes_wbf_3d.py"
"SHA256","2B874ECD3A021AD406D4C14447B80215F37A7A49742EFAE3D39BCA977FF19B11","E:\WBF\WBF-Software-Testing-main\ensemble_boxes\ensemble_boxes_wbf_experimental.py"
"SHA256","B50DC101ADD48B3B32C1DFE0A41CDE67687B2D02E9BFBBD9FE09A6E4F21D69FF","E:\WBF\WBF-Software-Testing-main\ensemble_boxes\__init__.py"
"SHA256","DAD02210ABB59F290838CEDC5797BB770992F5F724502DB56622A4C25FDB4B7A","E:\WBF\WBF-Software-Testing-main\examples\example.py"
"SHA256","A7375CB95962A9A02EE3C52B4DAF2DF16552699C3C443ABCE2E0F382753228EF","E:\WBF\WBF-Software-Testing-main\tests\test_bbox.py"
